Brand,Model,Price,Availability,Special Edition,Model_Name,Certified_Pre_Owned
Zenith,Chronomaster  Certified Pre-Owned,13800.0,In Stock,Not Special Edition,Chronomaster,Certified Pre-Owned
Chopard,L.U.C.  Certified Pre-Owned,20700.0,In Stock,Not Special Edition,L.U.C.,Certified Pre-Owned
Chopard,Happy Sport  Certified Pre-Owned,15100.0,In Stock,Not Special Edition,Happy Sport,Certified Pre-Owned
Blancpain,Fifty Fathoms  Certified Pre-Owned,11400.0,In Stock,Not Special Edition,Fifty Fathoms,Certified Pre-Owned
Girard-Perregaux,1966  Certified Pre-Owned,8800.0,In Stock,Not Special Edition,1966,Certified Pre-Owned
Montblanc,Montblanc 4810  Certified Pre-Owned,1600.0,In Stock,Not Special Edition,Montblanc 4810,Certified Pre-Owned
Montblanc,TimeWalker  Certified Pre-Owned,2500.0,In Stock,Not Special Edition,TimeWalker,Certified Pre-Owned
Oris,Aquis  Certified Pre-Owned,1800.0,In Stock,Not Special Edition,Aquis,Certified Pre-Owned
Oris,Big Crown Propilot  Certified Pre-Owned,2400.0,In Stock,Not Special Edition,Big Crown Propilot,Certified Pre-Owned
Oris,Divers  Certified Pre-Owned,3100.0,In Stock,Not Special Edition,Divers,Certified Pre-Owned
Longines,Master  Certified Pre-Owned,5600.0,In Stock,Not Special Edition,Master,Certified Pre-Owned
Omega,Speedmaster  Certified Pre Owned,3400.0,In Stock,Not Special Edition,Speedmaster,Certified Pre-Owned
Omega,Speedmaster  Certified Pre Owned,3500.0,In Stock,Not Special Edition,Speedmaster,Certified Pre-Owned
Cartier,Pasha  Certified Pre Owned,6200.0,In Stock,Not Special Edition,Pasha,Certified Pre-Owned
Cartier,Panthere  Certified Pre Owned,3800.0,Unavailable,Not Special Edition,Panthere,Certified Pre-Owned
Rado,Diamaster  Certified Pre-Owned,1400.0,In Stock,Not Special Edition,Diamaster,Certified Pre-Owned
Rado,True Thinline  Certified Pre-Owned,1400.0,In Stock,Not Special Edition,True Thinline,Certified Pre-Owned
Roger Dubuis,Excalibur  Certified Pre-Owned,26800.0,In Stock,Not Special Edition,Excalibur,Certified Pre-Owned
Zenith,Star  Certified Pre-Owned,25300.0,In Stock,Not Special Edition,Star,Certified Pre-Owned
Roger Dubuis,Excalibur  Certified Pre-Owned,26800.0,In Stock,Not Special Edition,Excalibur,Certified Pre-Owned
Zenith,Certified Pre-Owned,20600.0,In Stock,Not Special Edition,,Certified Pre-Owned
Roger Dubuis,Velvet  Certified Pre-Owned,31400.0,In Stock,Not Special Edition,Velvet,Certified Pre-Owned
Roger Dubuis,Velvet  Certified Pre-Owned,17500.0,In Stock,Not Special Edition,Velvet,Certified Pre-Owned
Roger Dubuis,Velvet  Certified Pre-Owned,29200.0,In Stock,Not Special Edition,Velvet,Certified Pre-Owned
Glashütte Original,Pano Lunartourbillon Certified Pre-Owned,69300.0,In Stock,Not Special Edition,Pano Lunartourbillon,Certified Pre-Owned
Glashütte Original,Senator  Certified Pre-Owned,20900.0,In Stock,Not Special Edition,Senator,Certified Pre-Owned
Blancpain,Villeret  Certified Pre-Owned,72700.0,In Stock,Not Special Edition,Villeret,Certified Pre-Owned
Baume & Mercier,Promesse  Certified Pre-Owned,1800.0,In Stock,Not Special Edition,Promesse,Certified Pre-Owned
Carl F. Bucherer,Patravi Traveltec II Certified Pre-Owned,7100.0,In Stock,Not Special Edition,Patravi Traveltec II,Certified Pre-Owned
Breitling,Avenger  Certified Pre-Owned,4000.0,In Stock,Not Special Edition,Avenger,Certified Pre-Owned
Omega,Speedmaster Date Certified Pre-Owned,4000.0,In Stock,Not Special Edition,Speedmaster Date,Certified Pre-Owned
Cartier,Tank  Certified Pre-Owned,7800.0,In Stock,Not Special Edition,Tank,Certified Pre-Owned
Cartier,Captive  Certified Pre-Owned,11550.0,In Stock,Not Special Edition,Captive,Certified Pre-Owned
Tudor,Prince  Certified Pre-Owned,6600.0,In Stock,Not Special Edition,Prince,Certified Pre-Owned
IWC Schaffhausen,Portugieser Regulateur Certified Pre-Owned,14500.0,In Stock,Not Special Edition,Portugieser Regulateur,Certified Pre-Owned
IWC Schaffhausen,Aquatimer Darwin Certified Pre-Owned,6750.0,In Stock,Not Special Edition,Aquatimer Darwin,Certified Pre-Owned
Glashütte Original,Senator  Certified Pre-Owned,32900.0,In Stock,Not Special Edition,Senator,Certified Pre-Owned
Audemars Piguet,Royal Oak  Certified Pre-Owned,33000.0,In Stock,Not Special Edition,Royal Oak,Certified Pre-Owned
Omega,Speedmaster Moonw. Certified Pre-Owned,10500.0,In Stock,Not Special Edition,Speedmaster Moonw.,Certified Pre-Owned
Audemars Piguet,Royal Oak Offshore  Certified Pre-Owned,65900.0,In Stock,Not Special Edition,Royal Oak Offshore,Certified Pre-Owned
Baume & Mercier,Promesse  Certified Pre-Owned,1400.0,In Stock,Not Special Edition,Promesse,Certified Pre-Owned
Rado,True Thinline  Certified Pre-Owned,1300.0,Unavailable,Not Special Edition,True Thinline,Certified Pre-Owned
Piaget,Polo  Certified Pre-Owned,64500.0,In Stock,Not Special Edition,Polo,Certified Pre-Owned
Piaget,Polo  Certified Pre-Owned,47100.0,In Stock,Not Special Edition,Polo,Certified Pre-Owned
Piaget,Altiplano  Certified Pre-Owned,26000.0,In Stock,Not Special Edition,Altiplano,Certified Pre-Owned
Piaget,Altiplano  Certified Pre-Owned,25000.0,In Stock,Not Special Edition,Altiplano,Certified Pre-Owned
Piaget,Limelight  Certified Pre-Owned,28800.0,In Stock,Not Special Edition,Limelight,Certified Pre-Owned
Roger Dubuis,Velvet  Certified Pre-Owned,45400.0,In Stock,Not Special Edition,Velvet,Certified Pre-Owned
Glashütte Original,Serenade  Certified Pre-Owned,9300.0,In Stock,Not Special Edition,Serenade,Certified Pre-Owned
Carl F. Bucherer,Patravi  Certified Pre-Owned,5300.0,In Stock,Not Special Edition,Patravi,Certified Pre-Owned
Glashütte Original,Senator  Certified Pre-Owned,17100.0,In Stock,Not Special Edition,Senator,Certified Pre-Owned
Carl F. Bucherer,Patravi  Certified Pre-Owned,5000.0,In Stock,Not Special Edition,Patravi,Certified Pre-Owned
Breguet,Classique  Certified Pre-Owned,47900.0,In Stock,Not Special Edition,Classique,Certified Pre-Owned
Breguet,Classique  Certified Pre-Owned,33900.0,In Stock,Not Special Edition,Classique,Certified Pre-Owned
Breguet,Marine  Certified Pre-Owned,46700.0,In Stock,Not Special Edition,Marine,Certified Pre-Owned
Breguet,Reine De Naples  Certified Pre-Owned,17400.0,In Stock,Not Special Edition,Reine De Naples,Certified Pre-Owned
Blancpain,Villeret  Certified Pre-Owned,82400.0,In Stock,Not Special Edition,Villeret,Certified Pre-Owned
Blancpain,L-Evolution  Certified Pre-Owned,15800.0,In Stock,Not Special Edition,L-Evolution,Certified Pre-Owned
Roger Dubuis,Excalibur  Certified Pre-Owned,118900.0,In Stock,Not Special Edition,Excalibur,Certified Pre-Owned
Chopard,L.U.C. Perpetual Twin Certified Pre-Owned,16200.0,In Stock,Not Special Edition,L.U.C. Perpetual Twin,Certified Pre-Owned
Chopard,L.U.C.  Certified Pre-Owned,25200.0,Unavailable,Not Special Edition,L.U.C.,Certified Pre-Owned
Roger Dubuis,Velvet  Certified Pre-Owned,30300.0,In Stock,Not Special Edition,Velvet,Certified Pre-Owned
Chopard,Happy Sport  Certified Pre-Owned,30900.0,In Stock,Not Special Edition,Happy Sport,Certified Pre-Owned
IWC Schaffhausen,Portofino  Certified Pre-Owned,43000.0,In Stock,Not Special Edition,Portofino,Certified Pre-Owned
IWC Schaffhausen,Portugieser  Certified Pre-Owned,65700.0,In Stock,Not Special Edition,Portugieser,Certified Pre-Owned
Breguet,Héritage  Certified Pre Owned,29700.0,In Stock,Not Special Edition,Héritage,Certified Pre-Owned
Breguet,Type XXII  Certified Pre-Owned,10500.0,In Stock,Special Edition,Type XXII,Certified Pre-Owned
IWC Schaffhausen,Ingenieur Ingenieur Certified Pre-Owned,35000.0,In Stock,Not Special Edition,Ingenieur Ingenieur,Certified Pre-Owned
IWC Schaffhausen,Pilot  Certified Pre-Owned,11200.0,In Stock,Not Special Edition,Pilot,Certified Pre-Owned
Cartier,Ballon Bleu de Cartier  Certified Pre-Owned,18000.0,In Stock,Not Special Edition,Ballon Bleu de Cartier,Certified Pre-Owned
